{
  "number": {
    "precision": 0.0,
    "recall": 0.0,
    "f1-score": 0.0,
    "support": 10,
    "confused_with": {}
  },
  "book_title": {
    "precision": 1.0,
    "recall": 0.8888888888888888,
    "f1-score": 0.9411764705882353,
    "support": 36,
    "confused_with": {}
  },
  "author_name": {
    "precision": 1.0,
    "recall": 1.0,
    "f1-score": 1.0,
    "support": 24,
    "confused_with": {}
  },
  "genre": {
    "precision": 0.9130434782608695,
    "recall": 1.0,
    "f1-score": 0.9545454545454545,
    "support": 21,
    "confused_with": {}
  },
  "micro avg": {
    "precision": 0.9746835443037974,
    "recall": 0.8461538461538461,
    "f1-score": 0.9058823529411764,
    "support": 91
  },
  "macro avg": {
    "precision": 0.7282608695652174,
    "recall": 0.7222222222222222,
    "f1-score": 0.7239304812834224,
    "support": 91
  },
  "weighted avg": {
    "precision": 0.8700430004777829,
    "recall": 0.8461538461538461,
    "f1-score": 0.856349532820121,
    "support": 91
  },
  "accuracy": 0.9477124183006536
}